<?xml version="1.0" encoding="UTF-8"?>
<project-private xmlns="http://www.netbeans.org/ns/project-private/1">
    <editor-bookmarks xmlns="http://www.netbeans.org/ns/editor-bookmarks/2" lastBookmarkId="0"/>
    <open-files xmlns="http://www.netbeans.org/ns/projectui-open-files/2">
        <group>
            <file>file:/C:/Users/3a4or/Desktop/Campus%20System/src/campus/system/AddProfessor.java</file>
            <file>file:/C:/Users/3a4or/Desktop/Campus%20System/src/campus/system/CampusSystem.java</file>
            <file>file:/C:/Users/3a4or/Desktop/Campus%20System/src/campus/system/AdminInterface.java</file>
            <file>file:/C:/Users/3a4or/Desktop/Campus%20System/src/campus/system/Login.java</file>
            <file>file:/C:/Users/3a4or/Desktop/Campus%20System/src/campus/system/LoginInterface.java</file>
        </group>
    </open-files>
</project-private>
